{
  "version": 1,
  "author": "Anonymous maker",
  "editor": "wokwi",
  "parts": [
    {
      "type": "wokwi-pi-pico",
      "id": "pico",
      "top": 27.82,
      "left": -18.69,
      "attrs": { "env": "micropython-20220117-v1.18" }
    },
    {
      "type": "wokwi-ntc-temperature-sensor",
      "id": "ntc1",
      "top": 50.9,
      "left": 158.26,
      "rotate": 180,
      "attrs": {}
    }
  ],
  "connections": [
    [ "ntc1:OUT", "pico:GP26", "green", [ "h0" ] ],
    [ "ntc1:GND", "pico:GND.7", "black", [ "h0" ] ],
    [ "ntc1:VCC", "pico:3V3", "red", [ "h-73.96", "v-14.11", "h-1.25" ] ]
  ]
}